년도,학과,링크
2024,컴공,https://abeek.sejong.ac.kr/abeek/program0302_11.html
2023,컴공,https://abeek.sejong.ac.kr/abeek/program0302_10.html
2022,컴공,https://abeek.sejong.ac.kr/abeek/program0302_9.html
2021,컴공,https://abeek.sejong.ac.kr/abeek/program0302_8.html
2020,컴공,https://abeek.sejong.ac.kr/abeek/program0302_7.html
2019,컴공,https://abeek.sejong.ac.kr/abeek/program0302_6.html
2018,컴공,https://abeek.sejong.ac.kr/abeek/program0302_5.html
2017,컴공,https://abeek.sejong.ac.kr/abeek/program0302_4.html
2024,전전통,https://abeek.sejong.ac.kr/abeek/program1902_10.html
2023,전전통,https://abeek.sejong.ac.kr/abeek/program1902_9.html
2022,전전통,https://abeek.sejong.ac.kr/abeek/program1902_8.html
2021,전전통,https://abeek.sejong.ac.kr/abeek/program1902_1.html
2020,전전통,https://abeek.sejong.ac.kr/abeek/program1902_2.html
2019,전전통,https://abeek.sejong.ac.kr/abeek/program1902_3.html
2018,전전통,https://abeek.sejong.ac.kr/abeek/program1902_4.html
2017,전전통,https://abeek.sejong.ac.kr/abeek/program1902_5.html
2024,소웨,https://abeek.sejong.ac.kr/abeek/program0502_8.html
2023,소웨,https://abeek.sejong.ac.kr/abeek/program0502_7.html
2022,소웨,https://abeek.sejong.ac.kr/abeek/program0502_6.html
2021,소웨,https://abeek.sejong.ac.kr/abeek/program0502_5.html
2020,소웨,https://abeek.sejong.ac.kr/abeek/program0502_4.html
2019,소웨,https://abeek.sejong.ac.kr/abeek/program0502_3.html
2018,소웨,https://abeek.sejong.ac.kr/abeek/program0502_1.html
2017,소웨,https://abeek.sejong.ac.kr/abeek/program0502_2.html
2024,데사,https://abeek.sejong.ac.kr/abeek/program1602_8.html
2023,데사,https://abeek.sejong.ac.kr/abeek/program1602_7.html
2022,데사,https://abeek.sejong.ac.kr/abeek/program1602_6.html
2021,데사,https://abeek.sejong.ac.kr/abeek/program1602_5.html
2020,데사,https://abeek.sejong.ac.kr/abeek/program1602_4.html
2019,데사,https://abeek.sejong.ac.kr/abeek/program1602_3.html
2018,데사,https://abeek.sejong.ac.kr/abeek/program1602_2.html
2017,데사,https://abeek.sejong.ac.kr/abeek/program1602_1.html
